{"cameraMode":{"drawMode":0,"name":"Shaded","section":"Shading Mode"},"sceneLighting":true,"audioPlay":false,"sceneViewState":{"m_AlwaysRefresh":false,"showFog":true,"showSkybox":true,"showFlares":true,"showImageEffects":true,"showParticleSystems":true,"showVisualEffectGraphs":true,"m_FxEnabled":true},"in2DMode":false,"pivot":{"x":3.6978466510772707,"y":1.5721862316131592,"z":-1.0775537490844727},"rotation":{"x":-0.05726207420229912,"y":-0.023361926898360254,"z":0.001340926974080503,"w":-0.9980834126472473},"size":6.086442947387695,"orthographic":false}