{"cameraMode":{"drawMode":0,"name":"Shaded","section":"Shading Mode"},"sceneLighting":true,"audioPlay":false,"sceneViewState":{"m_AlwaysRefresh":false,"showFog":true,"showSkybox":true,"showFlares":true,"showImageEffects":true,"showParticleSystems":true,"showVisualEffectGraphs":true,"m_FxEnabled":true},"in2DMode":false,"pivot":{"x":-0.7344338893890381,"y":2.3282785415649416,"z":-2.928985595703125},"rotation":{"x":0.01918301172554493,"y":0.02609037049114704,"z":0.0005018688389100134,"w":-0.9994727969169617},"size":2.4938511848449709,"orthographic":false}