{"cameraMode":{"drawMode":0,"name":"Shaded","section":"Shading Mode"},"sceneLighting":false,"audioPlay":false,"sceneViewState":{"m_AlwaysRefresh":false,"showFog":true,"showSkybox":false,"showFlares":true,"showImageEffects":true,"showParticleSystems":true,"showVisualEffectGraphs":true,"m_FxEnabled":true},"in2DMode":false,"pivot":{"x":18.791492462158204,"y":0.79472416639328,"z":-0.01707005500793457},"rotation":{"x":-0.07066138833761215,"y":0.04995110630989075,"z":-0.0035422760993242265,"w":-0.996243417263031},"size":2.0574119091033937,"orthographic":false}